,ANIO,MES,DIA,TMAX
240,1956,12,1,99.9
241,1956,12,2,99.9
242,1956,12,3,99.9
243,1956,12,4,99.9
244,1956,12,5,99.9
245,1956,12,6,99.9
246,1956,12,7,99.9
247,1956,12,8,99.9
248,1956,12,9,99.9
249,1956,12,10,99.9
250,1956,12,11,99.9
251,1956,12,12,99.9
252,1956,12,13,99.9
253,1956,12,14,99.9
254,1956,12,15,99.9
255,1956,12,16,99.9
256,1956,12,17,99.9
257,1956,12,18,99.9
258,1956,12,19,99.9
259,1956,12,20,99.9
260,1956,12,21,99.9
261,1956,12,22,99.9
262,1956,12,23,99.9
263,1956,12,24,99.9
264,1956,12,25,99.9
265,1956,12,26,99.9
266,1956,12,27,99.9
267,1956,12,28,99.9
268,1956,12,29,99.9
269,1956,12,30,99.9
270,1956,12,31,99.9
605,1957,12,1,27.8
606,1957,12,2,35.2
607,1957,12,3,32.6
608,1957,12,4,25.6
609,1957,12,5,15.5
610,1957,12,6,21.1
611,1957,12,7,23.0
612,1957,12,8,29.6
613,1957,12,9,24.6
614,1957,12,10,26.8
615,1957,12,11,29.8
616,1957,12,12,35.4
617,1957,12,13,24.2
618,1957,12,14,30.1
619,1957,12,15,27.2
620,1957,12,16,30.5
621,1957,12,17,33.0
622,1957,12,18,29.0
623,1957,12,19,28.6
624,1957,12,20,30.0
625,1957,12,21,34.8
626,1957,12,22,31.7
627,1957,12,23,36.5
628,1957,12,24,30.8
629,1957,12,25,33.4
630,1957,12,26,32.5
631,1957,12,27,35.2
632,1957,12,28,36.5
633,1957,12,29,32.0
634,1957,12,30,26.7
635,1957,12,31,26.6
970,1958,12,1,99.9
971,1958,12,2,99.9
972,1958,12,3,99.9
973,1958,12,4,99.9
974,1958,12,5,99.9
975,1958,12,6,99.9
976,1958,12,7,99.9
977,1958,12,8,99.9
978,1958,12,9,99.9
979,1958,12,10,99.9
980,1958,12,11,99.9
981,1958,12,12,99.9
982,1958,12,13,99.9
983,1958,12,14,99.9
984,1958,12,15,99.9
985,1958,12,16,99.9
986,1958,12,17,99.9
987,1958,12,18,99.9
988,1958,12,19,99.9
989,1958,12,20,99.9
990,1958,12,21,99.9
991,1958,12,22,99.9
992,1958,12,23,99.9
993,1958,12,24,99.9
994,1958,12,25,99.9
995,1958,12,26,99.9
996,1958,12,27,99.9
997,1958,12,28,99.9
998,1958,12,29,99.9
999,1958,12,30,99.9
1000,1958,12,31,99.9
1335,1959,12,1,99.9
1336,1959,12,2,99.9
1337,1959,12,3,99.9
1338,1959,12,4,99.9
1339,1959,12,5,99.9
1340,1959,12,6,99.9
1341,1959,12,7,99.9
1342,1959,12,8,99.9
1343,1959,12,9,99.9
1344,1959,12,10,99.9
1345,1959,12,11,99.9
1346,1959,12,12,99.9
1347,1959,12,13,99.9
1348,1959,12,14,99.9
1349,1959,12,15,99.9
1350,1959,12,16,99.9
1351,1959,12,17,99.9
1352,1959,12,18,99.9
1353,1959,12,19,99.9
1354,1959,12,20,99.9
1355,1959,12,21,99.9
1356,1959,12,22,99.9
1357,1959,12,23,99.9
1358,1959,12,24,99.9
1359,1959,12,25,99.9
1360,1959,12,26,99.9
1361,1959,12,27,99.9
1362,1959,12,28,99.9
1363,1959,12,29,99.9
1364,1959,12,30,99.9
1365,1959,12,31,99.9
1701,1960,12,1,34.1
1702,1960,12,2,35.4
1703,1960,12,3,38.0
1704,1960,12,4,32.8
1705,1960,12,5,29.0
1706,1960,12,6,34.3
1707,1960,12,7,36.0
1708,1960,12,8,40.6
1709,1960,12,9,33.8
1710,1960,12,10,26.0
1711,1960,12,11,29.5
1712,1960,12,12,33.0
1713,1960,12,13,28.2
1714,1960,12,14,29.4
1715,1960,12,15,27.9
1716,1960,12,16,31.0
1717,1960,12,17,29.5
1718,1960,12,18,23.8
1719,1960,12,19,26.5
1720,1960,12,20,31.5
1721,1960,12,21,32.8
1722,1960,12,22,34.0
1723,1960,12,23,29.3
1724,1960,12,24,30.1
1725,1960,12,25,31.3
1726,1960,12,26,32.0
1727,1960,12,27,36.6
1728,1960,12,28,35.4
1729,1960,12,29,29.0
1730,1960,12,30,33.8
1731,1960,12,31,30.0
2066,1961,12,1,27.4
2067,1961,12,2,27.7
2068,1961,12,3,28.6
2069,1961,12,4,29.4
2070,1961,12,5,29.3
2071,1961,12,6,32.1
2072,1961,12,7,32.2
2073,1961,12,8,28.2
2074,1961,12,9,22.5
2075,1961,12,10,29.0
2076,1961,12,11,33.4
2077,1961,12,12,31.5
2078,1961,12,13,33.4
2079,1961,12,14,31.1
2080,1961,12,15,27.0
2081,1961,12,16,31.5
2082,1961,12,17,31.7
2083,1961,12,18,30.0
2084,1961,12,19,24.4
2085,1961,12,20,24.5
2086,1961,12,21,27.0
2087,1961,12,22,31.6
2088,1961,12,23,26.0
2089,1961,12,24,30.9
2090,1961,12,25,31.2
2091,1961,12,26,34.2
2092,1961,12,27,29.1
2093,1961,12,28,31.0
2094,1961,12,29,28.7
2095,1961,12,30,29.9
2096,1961,12,31,26.0
2431,1962,12,1,34.5
2432,1962,12,2,30.2
2433,1962,12,3,30.0
2434,1962,12,4,25.7
2435,1962,12,5,27.7
2436,1962,12,6,30.9
2437,1962,12,7,34.7
2438,1962,12,8,25.5
2439,1962,12,9,30.0
2440,1962,12,10,32.9
2441,1962,12,11,36.4
2442,1962,12,12,31.7
2443,1962,12,13,24.9
2444,1962,12,14,24.3
2445,1962,12,15,24.5
2446,1962,12,16,28.6
2447,1962,12,17,31.5
2448,1962,12,18,33.7
2449,1962,12,19,34.4
2450,1962,12,20,32.5
2451,1962,12,21,32.7
2452,1962,12,22,32.5
2453,1962,12,23,39.0
2454,1962,12,24,32.4
2455,1962,12,25,36.0
2456,1962,12,26,30.2
2457,1962,12,27,31.5
2458,1962,12,28,37.6
2459,1962,12,29,39.6
2460,1962,12,30,25.2
2461,1962,12,31,32.8
2796,1963,12,1,19.5
2797,1963,12,2,22.1
2798,1963,12,3,23.4
2799,1963,12,4,27.2
2800,1963,12,5,31.9
2801,1963,12,6,32.8
2802,1963,12,7,37.5
2803,1963,12,8,23.5
2804,1963,12,9,23.0
2805,1963,12,10,25.8
2806,1963,12,11,27.3
2807,1963,12,12,28.0
2808,1963,12,13,27.9
2809,1963,12,14,26.4
2810,1963,12,15,29.0
2811,1963,12,16,27.8
2812,1963,12,17,24.0
2813,1963,12,18,22.0
2814,1963,12,19,24.5
2815,1963,12,20,25.4
2816,1963,12,21,27.8
2817,1963,12,22,31.0
2818,1963,12,23,32.3
2819,1963,12,24,32.6
2820,1963,12,25,31.9
2821,1963,12,26,27.6
2822,1963,12,27,30.8
2823,1963,12,28,33.1
2824,1963,12,29,31.8
2825,1963,12,30,33.7
2826,1963,12,31,27.5
3162,1964,12,1,28.7
3163,1964,12,2,24.9
3164,1964,12,3,28.2
3165,1964,12,4,29.5
3166,1964,12,5,32.4
3167,1964,12,6,34.6
3168,1964,12,7,37.0
3169,1964,12,8,31.4
3170,1964,12,9,32.6
3171,1964,12,10,27.4
3172,1964,12,11,24.4
3173,1964,12,12,23.9
3174,1964,12,13,29.0
3175,1964,12,14,32.0
3176,1964,12,15,32.3
3177,1964,12,16,32.5
3178,1964,12,17,27.4
3179,1964,12,18,26.8
3180,1964,12,19,32.1
3181,1964,12,20,25.7
3182,1964,12,21,26.1
3183,1964,12,22,26.7
3184,1964,12,23,29.5
3185,1964,12,24,27.3
3186,1964,12,25,26.7
3187,1964,12,26,26.8
3188,1964,12,27,30.5
3189,1964,12,28,25.3
3190,1964,12,29,27.5
3191,1964,12,30,29.4
3192,1964,12,31,25.4
3527,1965,12,1,28.3
3528,1965,12,2,33.2
3529,1965,12,3,38.7
3530,1965,12,4,30.2
3531,1965,12,5,28.7
3532,1965,12,6,35.0
3533,1965,12,7,30.1
3534,1965,12,8,19.4
3535,1965,12,9,31.0
3536,1965,12,10,28.1
3537,1965,12,11,28.8
3538,1965,12,12,24.3
3539,1965,12,13,25.4
3540,1965,12,14,22.0
3541,1965,12,15,26.2
3542,1965,12,16,34.0
3543,1965,12,17,34.3
3544,1965,12,18,28.0
3545,1965,12,19,26.4
3546,1965,12,20,22.8
3547,1965,12,21,23.7
3548,1965,12,22,25.8
3549,1965,12,23,29.9
3550,1965,12,24,27.5
3551,1965,12,25,28.3
3552,1965,12,26,33.5
3553,1965,12,27,33.0
3554,1965,12,28,30.6
3555,1965,12,29,31.5
3556,1965,12,30,33.6
3557,1965,12,31,34.9
3892,1966,12,1,29.3
3893,1966,12,2,29.1
3894,1966,12,3,28.1
3895,1966,12,4,25.0
3896,1966,12,5,23.8
3897,1966,12,6,33.7
3898,1966,12,7,31.0
3899,1966,12,8,37.2
3900,1966,12,9,28.2
3901,1966,12,10,30.0
3902,1966,12,11,27.4
3903,1966,12,12,24.1
3904,1966,12,13,28.8
3905,1966,12,14,24.4
3906,1966,12,15,28.5
3907,1966,12,16,31.2
3908,1966,12,17,30.0
3909,1966,12,18,33.6
3910,1966,12,19,28.5
3911,1966,12,20,24.2
3912,1966,12,21,22.7
3913,1966,12,22,19.5
3914,1966,12,23,20.8
3915,1966,12,24,23.0
3916,1966,12,25,27.5
3917,1966,12,26,30.8
3918,1966,12,27,31.7
3919,1966,12,28,33.9
3920,1966,12,29,31.0
3921,1966,12,30,28.6
3922,1966,12,31,28.1
4257,1967,12,1,28.0
4258,1967,12,2,24.0
4259,1967,12,3,27.3
4260,1967,12,4,30.3
4261,1967,12,5,32.8
4262,1967,12,6,37.1
4263,1967,12,7,31.5
4264,1967,12,8,28.8
4265,1967,12,9,28.5
4266,1967,12,10,30.0
4267,1967,12,11,30.5
4268,1967,12,12,35.4
4269,1967,12,13,34.8
4270,1967,12,14,34.0
4271,1967,12,15,34.5
4272,1967,12,16,36.5
4273,1967,12,17,38.0
4274,1967,12,18,32.1
4275,1967,12,19,34.4
4276,1967,12,20,28.5
4277,1967,12,21,31.8
4278,1967,12,22,33.6
4279,1967,12,23,36.2
4280,1967,12,24,37.1
4281,1967,12,25,39.0
4282,1967,12,26,39.5
4283,1967,12,27,38.0
4284,1967,12,28,35.5
4285,1967,12,29,31.2
4286,1967,12,30,39.4
4287,1967,12,31,31.7
4623,1968,12,1,28.7
4624,1968,12,2,31.6
4625,1968,12,3,35.5
4626,1968,12,4,30.8
4627,1968,12,5,28.5
4628,1968,12,6,28.0
4629,1968,12,7,29.8
4630,1968,12,8,31.2
4631,1968,12,9,34.2
4632,1968,12,10,31.8
4633,1968,12,11,41.4
4634,1968,12,12,34.7
4635,1968,12,13,24.6
4636,1968,12,14,35.8
4637,1968,12,15,30.2
4638,1968,12,16,29.0
4639,1968,12,17,31.2
4640,1968,12,18,36.8
4641,1968,12,19,28.0
4642,1968,12,20,26.8
4643,1968,12,21,23.5
4644,1968,12,22,26.5
4645,1968,12,23,25.2
4646,1968,12,24,24.5
4647,1968,12,25,27.0
4648,1968,12,26,27.9
4649,1968,12,27,26.5
4650,1968,12,28,28.3
4651,1968,12,29,29.5
4652,1968,12,30,25.1
4653,1968,12,31,22.1
4988,1969,12,1,34.5
4989,1969,12,2,37.2
4990,1969,12,3,37.6
4991,1969,12,4,37.0
4992,1969,12,5,32.1
4993,1969,12,6,28.4
4994,1969,12,7,30.9
4995,1969,12,8,28.3
4996,1969,12,9,29.4
4997,1969,12,10,26.8
4998,1969,12,11,31.0
4999,1969,12,12,27.5
5000,1969,12,13,34.0
5001,1969,12,14,35.2
5002,1969,12,15,34.6
5003,1969,12,16,36.5
5004,1969,12,17,38.0
5005,1969,12,18,32.0
5006,1969,12,19,26.2
5007,1969,12,20,29.0
5008,1969,12,21,30.2
5009,1969,12,22,29.4
5010,1969,12,23,29.8
5011,1969,12,24,30.7
5012,1969,12,25,33.6
5013,1969,12,26,33.9
5014,1969,12,27,32.0
5015,1969,12,28,27.5
5016,1969,12,29,31.5
5017,1969,12,30,33.0
5018,1969,12,31,32.9
5353,1970,12,1,26.5
5354,1970,12,2,28.9
5355,1970,12,3,31.9
5356,1970,12,4,32.3
5357,1970,12,5,28.5
5358,1970,12,6,31.6
5359,1970,12,7,37.6
5360,1970,12,8,32.7
5361,1970,12,9,35.2
5362,1970,12,10,31.2
5363,1970,12,11,29.7
5364,1970,12,12,27.2
5365,1970,12,13,35.4
5366,1970,12,14,30.4
5367,1970,12,15,26.3
5368,1970,12,16,32.0
5369,1970,12,17,31.8
5370,1970,12,18,32.7
5371,1970,12,19,31.3
5372,1970,12,20,30.3
5373,1970,12,21,33.2
5374,1970,12,22,34.9
5375,1970,12,23,37.6
5376,1970,12,24,38.3
5377,1970,12,25,39.8
5378,1970,12,26,37.3
5379,1970,12,27,34.8
5380,1970,12,28,24.3
5381,1970,12,29,28.3
5382,1970,12,30,27.5
5383,1970,12,31,23.2
5718,1971,12,1,36.7
5719,1971,12,2,37.5
5720,1971,12,3,27.2
5721,1971,12,4,22.9
5722,1971,12,5,26.7
5723,1971,12,6,31.6
5724,1971,12,7,32.7
5725,1971,12,8,36.5
5726,1971,12,9,33.0
5727,1971,12,10,37.4
5728,1971,12,11,32.5
5729,1971,12,12,36.2
5730,1971,12,13,32.6
5731,1971,12,14,29.1
5732,1971,12,15,37.8
5733,1971,12,16,40.2
5734,1971,12,17,40.3
5735,1971,12,18,40.9
5736,1971,12,19,29.4
5737,1971,12,20,36.1
5738,1971,12,21,25.6
5739,1971,12,22,27.8
5740,1971,12,23,32.9
5741,1971,12,24,35.9
5742,1971,12,25,37.5
5743,1971,12,26,38.9
5744,1971,12,27,40.6
5745,1971,12,28,41.6
5746,1971,12,29,42.6
5747,1971,12,30,39.3
5748,1971,12,31,35.2
6084,1972,12,1,26.2
6085,1972,12,2,28.1
6086,1972,12,3,27.5
6087,1972,12,4,28.0
6088,1972,12,5,26.9
6089,1972,12,6,27.0
6090,1972,12,7,28.3
6091,1972,12,8,25.1
6092,1972,12,9,28.5
6093,1972,12,10,26.9
6094,1972,12,11,29.7
6095,1972,12,12,30.8
6096,1972,12,13,29.9
6097,1972,12,14,32.4
6098,1972,12,15,33.9
6099,1972,12,16,28.3
6100,1972,12,17,32.3
6101,1972,12,18,35.0
6102,1972,12,19,32.6
6103,1972,12,20,33.2
6104,1972,12,21,32.5
6105,1972,12,22,35.0
6106,1972,12,23,30.2
6107,1972,12,24,25.9
6108,1972,12,25,28.9
6109,1972,12,26,32.2
6110,1972,12,27,34.6
6111,1972,12,28,30.6
6112,1972,12,29,28.9
6113,1972,12,30,33.6
6114,1972,12,31,28.2
6449,1973,12,1,26.6
6450,1973,12,2,27.5
6451,1973,12,3,28.0
6452,1973,12,4,26.7
6453,1973,12,5,27.5
6454,1973,12,6,25.7
6455,1973,12,7,23.2
6456,1973,12,8,27.5
6457,1973,12,9,30.7
6458,1973,12,10,32.5
6459,1973,12,11,28.4
6460,1973,12,12,33.5
6461,1973,12,13,28.7
6462,1973,12,14,23.2
6463,1973,12,15,29.2
6464,1973,12,16,29.4
6465,1973,12,17,31.2
6466,1973,12,18,29.1
6467,1973,12,19,34.5
6468,1973,12,20,34.3
6469,1973,12,21,28.7
6470,1973,12,22,29.7
6471,1973,12,23,31.8
6472,1973,12,24,28.6
6473,1973,12,25,26.5
6474,1973,12,26,27.5
6475,1973,12,27,29.8
6476,1973,12,28,28.3
6477,1973,12,29,31.9
6478,1973,12,30,34.5
6479,1973,12,31,35.6
6814,1974,12,1,25.6
6815,1974,12,2,28.3
6816,1974,12,3,29.7
6817,1974,12,4,31.9
6818,1974,12,5,33.2
6819,1974,12,6,35.0
6820,1974,12,7,34.5
6821,1974,12,8,27.0
6822,1974,12,9,21.6
6823,1974,12,10,15.7
6824,1974,12,11,17.4
6825,1974,12,12,25.2
6826,1974,12,13,27.8
6827,1974,12,14,28.8
6828,1974,12,15,31.8
6829,1974,12,16,26.4
6830,1974,12,17,19.8
6831,1974,12,18,22.8
6832,1974,12,19,27.7
6833,1974,12,20,26.7
6834,1974,12,21,30.9
6835,1974,12,22,32.5
6836,1974,12,23,32.9
6837,1974,12,24,28.2
6838,1974,12,25,31.0
6839,1974,12,26,33.5
6840,1974,12,27,29.5
6841,1974,12,28,25.5
6842,1974,12,29,28.7
6843,1974,12,30,29.7
6844,1974,12,31,24.2
7179,1975,12,1,31.5
7180,1975,12,2,32.1
7181,1975,12,3,33.0
7182,1975,12,4,36.0
7183,1975,12,5,31.8
7184,1975,12,6,27.5
7185,1975,12,7,34.7
7186,1975,12,8,29.2
7187,1975,12,9,31.7
7188,1975,12,10,36.4
7189,1975,12,11,35.2
7190,1975,12,12,38.3
7191,1975,12,13,28.7
7192,1975,12,14,35.5
7193,1975,12,15,39.8
7194,1975,12,16,38.6
7195,1975,12,17,39.5
7196,1975,12,18,43.1
7197,1975,12,19,28.6
7198,1975,12,20,32.8
7199,1975,12,21,37.2
7200,1975,12,22,31.5
7201,1975,12,23,34.4
7202,1975,12,24,38.7
7203,1975,12,25,37.0
7204,1975,12,26,33.4
7205,1975,12,27,27.2
7206,1975,12,28,31.3
7207,1975,12,29,35.8
7208,1975,12,30,38.9
7209,1975,12,31,38.9
7545,1976,12,1,28.0
7546,1976,12,2,25.7
7547,1976,12,3,29.3
7548,1976,12,4,26.4
7549,1976,12,5,29.8
7550,1976,12,6,32.7
7551,1976,12,7,28.1
7552,1976,12,8,26.6
7553,1976,12,9,27.8
7554,1976,12,10,32.2
7555,1976,12,11,32.2
7556,1976,12,12,37.7
7557,1976,12,13,34.5
7558,1976,12,14,29.9
7559,1976,12,15,24.6
7560,1976,12,16,25.9
7561,1976,12,17,27.6
7562,1976,12,18,30.0
7563,1976,12,19,26.2
7564,1976,12,20,27.8
7565,1976,12,21,27.3
7566,1976,12,22,25.8
7567,1976,12,23,29.4
7568,1976,12,24,32.5
7569,1976,12,25,32.6
7570,1976,12,26,24.4
7571,1976,12,27,26.2
7572,1976,12,28,26.5
7573,1976,12,29,30.2
7574,1976,12,30,34.8
7575,1976,12,31,29.9
7910,1977,12,1,37.8
7911,1977,12,2,36.3
7912,1977,12,3,37.4
7913,1977,12,4,40.6
7914,1977,12,5,28.1
7915,1977,12,6,29.6
7916,1977,12,7,27.8
7917,1977,12,8,31.4
7918,1977,12,9,35.3
7919,1977,12,10,35.7
7920,1977,12,11,37.3
7921,1977,12,12,29.7
7922,1977,12,13,31.7
7923,1977,12,14,31.7
7924,1977,12,15,28.0
7925,1977,12,16,28.6
7926,1977,12,17,28.4
7927,1977,12,18,24.8
7928,1977,12,19,21.0
7929,1977,12,20,16.0
7930,1977,12,21,19.0
7931,1977,12,22,23.9
7932,1977,12,23,26.5
7933,1977,12,24,31.2
7934,1977,12,25,31.9
7935,1977,12,26,29.1
7936,1977,12,27,34.6
7937,1977,12,28,26.7
7938,1977,12,29,25.5
7939,1977,12,30,23.4
7940,1977,12,31,19.7
8275,1978,12,1,30.4
8276,1978,12,2,27.5
8277,1978,12,3,23.4
8278,1978,12,4,20.0
8279,1978,12,5,27.5
8280,1978,12,6,30.8
8281,1978,12,7,32.9
8282,1978,12,8,26.8
8283,1978,12,9,28.5
8284,1978,12,10,30.0
8285,1978,12,11,29.6
8286,1978,12,12,33.0
8287,1978,12,13,36.1
8288,1978,12,14,28.5
8289,1978,12,15,27.5
8290,1978,12,16,29.9
8291,1978,12,17,31.5
8292,1978,12,18,32.3
8293,1978,12,19,31.3
8294,1978,12,20,30.7
8295,1978,12,21,30.5
8296,1978,12,22,30.3
8297,1978,12,23,29.5
8298,1978,12,24,30.4
8299,1978,12,25,30.9
8300,1978,12,26,34.0
8301,1978,12,27,35.8
8302,1978,12,28,37.6
8303,1978,12,29,26.0
8304,1978,12,30,24.9
8305,1978,12,31,28.2
8640,1979,12,1,24.8
8641,1979,12,2,17.3
8642,1979,12,3,18.1
8643,1979,12,4,24.4
8644,1979,12,5,26.5
8645,1979,12,6,32.3
8646,1979,12,7,33.2
8647,1979,12,8,38.1
8648,1979,12,9,27.3
8649,1979,12,10,31.8
8650,1979,12,11,36.0
8651,1979,12,12,31.4
8652,1979,12,13,29.1
8653,1979,12,14,24.1
8654,1979,12,15,23.5
8655,1979,12,16,26.9
8656,1979,12,17,30.1
8657,1979,12,18,29.4
8658,1979,12,19,31.6
8659,1979,12,20,29.3
8660,1979,12,21,26.4
8661,1979,12,22,29.5
8662,1979,12,23,29.4
8663,1979,12,24,32.9
8664,1979,12,25,35.7
8665,1979,12,26,33.0
8666,1979,12,27,34.7
8667,1979,12,28,35.3
8668,1979,12,29,38.3
8669,1979,12,30,24.6
8670,1979,12,31,26.1
9006,1980,12,1,29.6
9007,1980,12,2,32.2
9008,1980,12,3,33.6
9009,1980,12,4,32.9
9010,1980,12,5,31.9
9011,1980,12,6,28.7
9012,1980,12,7,32.9
9013,1980,12,8,34.8
9014,1980,12,9,34.3
9015,1980,12,10,27.7
9016,1980,12,11,29.4
9017,1980,12,12,31.9
9018,1980,12,13,30.4
9019,1980,12,14,33.7
9020,1980,12,15,32.9
9021,1980,12,16,33.9
9022,1980,12,17,29.2
9023,1980,12,18,24.3
9024,1980,12,19,20.3
9025,1980,12,20,24.8
9026,1980,12,21,27.8
9027,1980,12,22,30.7
9028,1980,12,23,33.2
9029,1980,12,24,32.9
9030,1980,12,25,25.9
9031,1980,12,26,33.9
9032,1980,12,27,30.6
9033,1980,12,28,34.6
9034,1980,12,29,28.4
9035,1980,12,30,34.8
9036,1980,12,31,29.2
9371,1981,12,1,25.1
9372,1981,12,2,18.8
9373,1981,12,3,27.3
9374,1981,12,4,31.3
9375,1981,12,5,27.1
9376,1981,12,6,29.8
9377,1981,12,7,28.6
9378,1981,12,8,31.3
9379,1981,12,9,31.9
9380,1981,12,10,26.5
9381,1981,12,11,31.1
9382,1981,12,12,34.1
9383,1981,12,13,27.9
9384,1981,12,14,24.8
9385,1981,12,15,29.5
9386,1981,12,16,34.1
9387,1981,12,17,28.9
9388,1981,12,18,30.1
9389,1981,12,19,35.4
9390,1981,12,20,29.7
9391,1981,12,21,22.1
9392,1981,12,22,28.1
9393,1981,12,23,28.7
9394,1981,12,24,30.3
9395,1981,12,25,32.2
9396,1981,12,26,34.1
9397,1981,12,27,35.6
9398,1981,12,28,31.5
9399,1981,12,29,36.6
9400,1981,12,30,36.6
9401,1981,12,31,25.9
9736,1982,12,1,22.7
9737,1982,12,2,25.5
9738,1982,12,3,27.0
9739,1982,12,4,23.7
9740,1982,12,5,28.6
9741,1982,12,6,25.8
9742,1982,12,7,27.4
9743,1982,12,8,34.5
9744,1982,12,9,35.0
9745,1982,12,10,35.8
9746,1982,12,11,32.9
9747,1982,12,12,27.9
9748,1982,12,13,30.1
9749,1982,12,14,29.3
9750,1982,12,15,29.7
9751,1982,12,16,29.5
9752,1982,12,17,26.6
9753,1982,12,18,31.6
9754,1982,12,19,33.8
9755,1982,12,20,32.8
9756,1982,12,21,30.6
9757,1982,12,22,30.6
9758,1982,12,23,33.2
9759,1982,12,24,36.2
9760,1982,12,25,36.6
9761,1982,12,26,36.2
9762,1982,12,27,36.1
9763,1982,12,28,37.8
9764,1982,12,29,37.7
9765,1982,12,30,36.9
9766,1982,12,31,35.3
10101,1983,12,1,22.9
10102,1983,12,2,28.8
10103,1983,12,3,31.9
10104,1983,12,4,29.6
10105,1983,12,5,33.9
10106,1983,12,6,36.7
10107,1983,12,7,35.2
10108,1983,12,8,36.5
10109,1983,12,9,32.1
10110,1983,12,10,32.2
10111,1983,12,11,28.4
10112,1983,12,12,32.9
10113,1983,12,13,35.0
10114,1983,12,14,36.4
10115,1983,12,15,37.4
10116,1983,12,16,29.8
10117,1983,12,17,30.8
10118,1983,12,18,32.2
10119,1983,12,19,33.5
10120,1983,12,20,36.6
10121,1983,12,21,30.5
10122,1983,12,22,33.8
10123,1983,12,23,37.8
10124,1983,12,24,38.2
10125,1983,12,25,38.1
10126,1983,12,26,38.0
10127,1983,12,27,40.8
10128,1983,12,28,41.0
10129,1983,12,29,39.2
10130,1983,12,30,33.2
10131,1983,12,31,23.2
10467,1984,12,1,24.8
10468,1984,12,2,26.3
10469,1984,12,3,31.8
10470,1984,12,4,34.4
10471,1984,12,5,30.0
10472,1984,12,6,24.5
10473,1984,12,7,25.4
10474,1984,12,8,26.2
10475,1984,12,9,28.5
10476,1984,12,10,26.5
10477,1984,12,11,28.8
10478,1984,12,12,24.2
10479,1984,12,13,25.0
10480,1984,12,14,27.6
10481,1984,12,15,29.8
10482,1984,12,16,28.2
10483,1984,12,17,28.2
10484,1984,12,18,22.0
10485,1984,12,19,22.5
10486,1984,12,20,21.0
10487,1984,12,21,27.7
10488,1984,12,22,28.8
10489,1984,12,23,24.4
10490,1984,12,24,18.5
10491,1984,12,25,23.1
10492,1984,12,26,22.2
10493,1984,12,27,25.5
10494,1984,12,28,29.0
10495,1984,12,29,27.5
10496,1984,12,30,30.1
10497,1984,12,31,29.8
10832,1985,12,1,29.3
10833,1985,12,2,27.0
10834,1985,12,3,32.2
10835,1985,12,4,32.3
10836,1985,12,5,32.3
10837,1985,12,6,29.6
10838,1985,12,7,36.0
10839,1985,12,8,26.4
10840,1985,12,9,24.3
10841,1985,12,10,23.1
10842,1985,12,11,25.0
10843,1985,12,12,23.9
10844,1985,12,13,24.5
10845,1985,12,14,28.6
10846,1985,12,15,30.4
10847,1985,12,16,32.0
10848,1985,12,17,35.2
10849,1985,12,18,30.3
10850,1985,12,19,29.2
10851,1985,12,20,28.5
10852,1985,12,21,33.2
10853,1985,12,22,28.0
10854,1985,12,23,29.5
10855,1985,12,24,31.8
10856,1985,12,25,30.0
10857,1985,12,26,31.7
10858,1985,12,27,31.7
10859,1985,12,28,32.1
10860,1985,12,29,31.5
10861,1985,12,30,30.7
10862,1985,12,31,30.0
11197,1986,12,1,27.0
11198,1986,12,2,29.0
11199,1986,12,3,30.8
11200,1986,12,4,33.5
11201,1986,12,5,35.0
11202,1986,12,6,27.1
11203,1986,12,7,30.8
11204,1986,12,8,28.3
11205,1986,12,9,28.2
11206,1986,12,10,29.9
11207,1986,12,11,28.5
11208,1986,12,12,25.3
11209,1986,12,13,28.8
11210,1986,12,14,31.5
11211,1986,12,15,29.4
11212,1986,12,16,29.0
11213,1986,12,17,24.1
11214,1986,12,18,25.8
11215,1986,12,19,28.0
11216,1986,12,20,33.8
11217,1986,12,21,34.6
11218,1986,12,22,37.9
11219,1986,12,23,36.7
11220,1986,12,24,35.4
11221,1986,12,25,34.7
11222,1986,12,26,33.2
11223,1986,12,27,28.7
11224,1986,12,28,30.7
11225,1986,12,29,33.4
11226,1986,12,30,31.8
11227,1986,12,31,25.8
11562,1987,12,1,41.0
11563,1987,12,2,30.0
11564,1987,12,3,28.9
11565,1987,12,4,28.0
11566,1987,12,5,32.5
11567,1987,12,6,25.1
11568,1987,12,7,18.5
11569,1987,12,8,27.6
11570,1987,12,9,31.4
11571,1987,12,10,33.5
11572,1987,12,11,27.6
11573,1987,12,12,28.2
11574,1987,12,13,29.5
11575,1987,12,14,32.0
11576,1987,12,15,31.0
11577,1987,12,16,26.2
11578,1987,12,17,25.0
11579,1987,12,18,25.3
11580,1987,12,19,28.6
11581,1987,12,20,20.2
11582,1987,12,21,24.0
11583,1987,12,22,27.8
11584,1987,12,23,31.5
11585,1987,12,24,29.5
11586,1987,12,25,28.5
11587,1987,12,26,24.8
11588,1987,12,27,25.5
11589,1987,12,28,24.6
11590,1987,12,29,23.7
11591,1987,12,30,29.0
11592,1987,12,31,33.2
11928,1988,12,1,29.2
11929,1988,12,2,34.3
11930,1988,12,3,38.3
11931,1988,12,4,37.6
11932,1988,12,5,31.6
11933,1988,12,6,30.5
11934,1988,12,7,27.5
11935,1988,12,8,30.4
11936,1988,12,9,31.3
11937,1988,12,10,31.8
11938,1988,12,11,32.3
11939,1988,12,12,29.8
11940,1988,12,13,28.5
11941,1988,12,14,35.8
11942,1988,12,15,35.2
11943,1988,12,16,39.6
11944,1988,12,17,31.0
11945,1988,12,18,31.0
11946,1988,12,19,26.7
11947,1988,12,20,31.0
11948,1988,12,21,33.7
11949,1988,12,22,29.2
11950,1988,12,23,35.2
11951,1988,12,24,36.0
11952,1988,12,25,34.7
11953,1988,12,26,32.7
11954,1988,12,27,33.8
11955,1988,12,28,28.1
11956,1988,12,29,32.9
11957,1988,12,30,35.5
11958,1988,12,31,35.0
12293,1989,12,1,29.7
12294,1989,12,2,34.1
12295,1989,12,3,26.8
12296,1989,12,4,31.7
12297,1989,12,5,31.5
12298,1989,12,6,28.6
12299,1989,12,7,32.0
12300,1989,12,8,34.0
12301,1989,12,9,26.5
12302,1989,12,10,34.2
12303,1989,12,11,29.5
12304,1989,12,12,32.4
12305,1989,12,13,26.5
12306,1989,12,14,29.6
12307,1989,12,15,32.3
12308,1989,12,16,28.5
12309,1989,12,17,28.6
12310,1989,12,18,30.2
12311,1989,12,19,31.0
12312,1989,12,20,33.7
12313,1989,12,21,33.0
12314,1989,12,22,33.8
12315,1989,12,23,28.3
12316,1989,12,24,31.0
12317,1989,12,25,33.3
12318,1989,12,26,34.0
12319,1989,12,27,33.1
12320,1989,12,28,32.0
12321,1989,12,29,32.9
12322,1989,12,30,34.5
12323,1989,12,31,31.7
12658,1990,12,1,28.7
12659,1990,12,2,30.4
12660,1990,12,3,29.2
12661,1990,12,4,32.5
12662,1990,12,5,35.7
12663,1990,12,6,28.5
12664,1990,12,7,23.6
12665,1990,12,8,26.4
12666,1990,12,9,25.7
12667,1990,12,10,27.4
12668,1990,12,11,24.6
12669,1990,12,12,20.5
12670,1990,12,13,26.4
12671,1990,12,14,26.3
12672,1990,12,15,32.9
12673,1990,12,16,31.8
12674,1990,12,17,33.7
12675,1990,12,18,33.1
12676,1990,12,19,29.3
12677,1990,12,20,33.0
12678,1990,12,21,35.4
12679,1990,12,22,25.1
12680,1990,12,23,27.6
12681,1990,12,24,25.7
12682,1990,12,25,27.8
12683,1990,12,26,32.8
12684,1990,12,27,29.7
12685,1990,12,28,23.0
12686,1990,12,29,24.3
12687,1990,12,30,29.0
12688,1990,12,31,33.1
13023,1991,12,1,26.6
13024,1991,12,2,33.4
13025,1991,12,3,31.3
13026,1991,12,4,36.0
13027,1991,12,5,29.0
13028,1991,12,6,35.1
13029,1991,12,7,27.3
13030,1991,12,8,36.4
13031,1991,12,9,26.3
13032,1991,12,10,29.5
13033,1991,12,11,24.4
13034,1991,12,12,23.4
13035,1991,12,13,28.1
13036,1991,12,14,21.0
13037,1991,12,15,24.8
13038,1991,12,16,30.3
13039,1991,12,17,26.0
13040,1991,12,18,31.3
13041,1991,12,19,30.2
13042,1991,12,20,30.6
13043,1991,12,21,26.5
13044,1991,12,22,29.2
13045,1991,12,23,29.6
13046,1991,12,24,28.2
13047,1991,12,25,24.5
13048,1991,12,26,23.9
13049,1991,12,27,27.5
13050,1991,12,28,27.3
13051,1991,12,29,30.5
13052,1991,12,30,23.8
13053,1991,12,31,24.1
13389,1992,12,1,25.8
13390,1992,12,2,26.8
13391,1992,12,3,28.1
13392,1992,12,4,29.6
13393,1992,12,5,23.6
13394,1992,12,6,26.8
13395,1992,12,7,26.1
13396,1992,12,8,26.6
13397,1992,12,9,25.4
13398,1992,12,10,25.7
13399,1992,12,11,27.0
13400,1992,12,12,26.9
13401,1992,12,13,33.0
13402,1992,12,14,28.0
13403,1992,12,15,27.4
13404,1992,12,16,23.1
13405,1992,12,17,26.8
13406,1992,12,18,30.2
13407,1992,12,19,29.1
13408,1992,12,20,28.7
13409,1992,12,21,28.7
13410,1992,12,22,30.8
13411,1992,12,23,27.7
13412,1992,12,24,28.8
13413,1992,12,25,25.4
13414,1992,12,26,30.4
13415,1992,12,27,30.4
13416,1992,12,28,32.8
13417,1992,12,29,26.9
13418,1992,12,30,28.7
13419,1992,12,31,24.8
13754,1993,12,1,28.2
13755,1993,12,2,33.7
13756,1993,12,3,38.8
13757,1993,12,4,32.5
13758,1993,12,5,25.7
13759,1993,12,6,29.6
13760,1993,12,7,31.8
13761,1993,12,8,32.9
13762,1993,12,9,29.5
13763,1993,12,10,31.4
13764,1993,12,11,33.7
13765,1993,12,12,37.5
13766,1993,12,13,25.2
13767,1993,12,14,25.2
13768,1993,12,15,24.9
13769,1993,12,16,26.0
13770,1993,12,17,30.0
13771,1993,12,18,33.1
13772,1993,12,19,33.4
13773,1993,12,20,26.3
13774,1993,12,21,27.2
13775,1993,12,22,24.0
13776,1993,12,23,31.1
13777,1993,12,24,35.4
13778,1993,12,25,23.5
13779,1993,12,26,28.1
13780,1993,12,27,31.0
13781,1993,12,28,30.4
13782,1993,12,29,28.0
13783,1993,12,30,30.0
13784,1993,12,31,32.9
14119,1994,12,1,37.2
14120,1994,12,2,32.1
14121,1994,12,3,29.0
14122,1994,12,4,26.2
14123,1994,12,5,30.5
14124,1994,12,6,30.0
14125,1994,12,7,34.2
14126,1994,12,8,34.8
14127,1994,12,9,39.0
14128,1994,12,10,38.9
14129,1994,12,11,38.0
14130,1994,12,12,36.3
14131,1994,12,13,30.6
14132,1994,12,14,32.4
14133,1994,12,15,34.0
14134,1994,12,16,29.5
14135,1994,12,17,30.7
14136,1994,12,18,33.3
14137,1994,12,19,31.5
14138,1994,12,20,28.0
14139,1994,12,21,32.8
14140,1994,12,22,32.2
14141,1994,12,23,36.1
14142,1994,12,24,33.4
14143,1994,12,25,31.0
14144,1994,12,26,36.4
14145,1994,12,27,33.5
14146,1994,12,28,28.8
14147,1994,12,29,32.5
14148,1994,12,30,36.1
14149,1994,12,31,38.5
14484,1995,12,1,30.7
14485,1995,12,2,30.6
14486,1995,12,3,33.1
14487,1995,12,4,33.3
14488,1995,12,5,35.6
14489,1995,12,6,35.2
14490,1995,12,7,30.5
14491,1995,12,8,24.4
14492,1995,12,9,31.0
14493,1995,12,10,32.9
14494,1995,12,11,28.8
14495,1995,12,12,31.0
14496,1995,12,13,34.6
14497,1995,12,14,34.5
14498,1995,12,15,32.4
14499,1995,12,16,37.4
14500,1995,12,17,32.4
14501,1995,12,18,40.0
14502,1995,12,19,38.5
14503,1995,12,20,38.5
14504,1995,12,21,34.2
14505,1995,12,22,27.7
14506,1995,12,23,28.3
14507,1995,12,24,31.6
14508,1995,12,25,32.0
14509,1995,12,26,32.3
14510,1995,12,27,32.2
14511,1995,12,28,33.2
14512,1995,12,29,35.8
14513,1995,12,30,34.9
14514,1995,12,31,34.9
14850,1996,12,1,34.2
14851,1996,12,2,33.5
14852,1996,12,3,31.1
14853,1996,12,4,27.2
14854,1996,12,5,27.5
14855,1996,12,6,25.6
14856,1996,12,7,26.6
14857,1996,12,8,28.5
14858,1996,12,9,26.0
14859,1996,12,10,25.0
14860,1996,12,11,26.6
14861,1996,12,12,24.7
14862,1996,12,13,27.6
14863,1996,12,14,30.8
14864,1996,12,15,33.2
14865,1996,12,16,29.8
14866,1996,12,17,31.4
14867,1996,12,18,32.8
14868,1996,12,19,29.4
14869,1996,12,20,29.5
14870,1996,12,21,29.4
14871,1996,12,22,32.0
14872,1996,12,23,31.5
14873,1996,12,24,31.8
14874,1996,12,25,29.4
14875,1996,12,26,31.3
14876,1996,12,27,34.7
14877,1996,12,28,31.5
14878,1996,12,29,34.9
14879,1996,12,30,34.6
14880,1996,12,31,30.4
15215,1997,12,1,28.6
15216,1997,12,2,33.0
15217,1997,12,3,27.5
15218,1997,12,4,29.6
15219,1997,12,5,30.5
15220,1997,12,6,33.3
15221,1997,12,7,30.8
15222,1997,12,8,33.3
15223,1997,12,9,30.5
15224,1997,12,10,31.0
15225,1997,12,11,27.6
15226,1997,12,12,24.1
15227,1997,12,13,28.0
15228,1997,12,14,31.0
15229,1997,12,15,29.5
15230,1997,12,16,25.8
15231,1997,12,17,25.5
15232,1997,12,18,30.0
15233,1997,12,19,28.0
15234,1997,12,20,30.9
15235,1997,12,21,25.6
15236,1997,12,22,24.7
15237,1997,12,23,27.0
15238,1997,12,24,28.1
15239,1997,12,25,31.9
15240,1997,12,26,39.0
15241,1997,12,27,30.6
15242,1997,12,28,30.0
15243,1997,12,29,32.6
15244,1997,12,30,28.2
15245,1997,12,31,26.1
15580,1998,12,1,28.0
15581,1998,12,2,31.9
15582,1998,12,3,33.0
15583,1998,12,4,32.0
15584,1998,12,5,27.7
15585,1998,12,6,27.6
15586,1998,12,7,34.0
15587,1998,12,8,28.6
15588,1998,12,9,28.5
15589,1998,12,10,31.2
15590,1998,12,11,35.0
15591,1998,12,12,34.1
15592,1998,12,13,29.9
15593,1998,12,14,30.5
15594,1998,12,15,33.2
15595,1998,12,16,30.1
15596,1998,12,17,27.0
15597,1998,12,18,31.1
15598,1998,12,19,33.0
15599,1998,12,20,26.9
15600,1998,12,21,25.8
15601,1998,12,22,27.8
15602,1998,12,23,33.5
15603,1998,12,24,33.6
15604,1998,12,25,35.2
15605,1998,12,26,38.1
15606,1998,12,27,38.4
15607,1998,12,28,27.2
15608,1998,12,29,31.6
15609,1998,12,30,33.6
15610,1998,12,31,31.0
15945,1999,12,1,27.8
15946,1999,12,2,26.6
15947,1999,12,3,32.3
15948,1999,12,4,35.9
15949,1999,12,5,26.6
15950,1999,12,6,22.1
15951,1999,12,7,25.5
15952,1999,12,8,29.0
15953,1999,12,9,29.3
15954,1999,12,10,23.2
15955,1999,12,11,20.2
15956,1999,12,12,26.2
15957,1999,12,13,28.5
15958,1999,12,14,31.8
15959,1999,12,15,34.0
15960,1999,12,16,34.5
15961,1999,12,17,34.5
15962,1999,12,18,28.9
15963,1999,12,19,27.6
15964,1999,12,20,30.8
15965,1999,12,21,29.6
15966,1999,12,22,28.5
15967,1999,12,23,29.2
15968,1999,12,24,32.3
15969,1999,12,25,29.1
15970,1999,12,26,35.3
15971,1999,12,27,31.0
15972,1999,12,28,27.6
15973,1999,12,29,29.1
15974,1999,12,30,30.6
15975,1999,12,31,28.1
16311,2000,12,1,28.3
16312,2000,12,2,30.3
16313,2000,12,3,20.7
16314,2000,12,4,25.9
16315,2000,12,5,32.0
16316,2000,12,6,32.8
16317,2000,12,7,28.3
16318,2000,12,8,29.4
16319,2000,12,9,35.2
16320,2000,12,10,34.1
16321,2000,12,11,30.5
16322,2000,12,12,32.7
16323,2000,12,13,29.2
16324,2000,12,14,28.0
16325,2000,12,15,24.7
16326,2000,12,16,26.9
16327,2000,12,17,33.6
16328,2000,12,18,34.4
16329,2000,12,19,32.0
16330,2000,12,20,24.6
16331,2000,12,21,31.2
16332,2000,12,22,32.3
16333,2000,12,23,27.9
16334,2000,12,24,29.4
16335,2000,12,25,38.0
16336,2000,12,26,36.2
16337,2000,12,27,32.5
16338,2000,12,28,28.9
16339,2000,12,29,29.0
16340,2000,12,30,30.7
16341,2000,12,31,33.0
16676,2001,12,1,31.1
16677,2001,12,2,24.2
16678,2001,12,3,18.4
16679,2001,12,4,27.8
16680,2001,12,5,31.0
16681,2001,12,6,33.0
16682,2001,12,7,33.5
16683,2001,12,8,23.5
16684,2001,12,9,29.0
16685,2001,12,10,30.7
16686,2001,12,11,34.9
16687,2001,12,12,32.6
16688,2001,12,13,31.0
16689,2001,12,14,29.5
16690,2001,12,15,31.0
16691,2001,12,16,33.7
16692,2001,12,17,33.4
16693,2001,12,18,36.2
16694,2001,12,19,33.6
16695,2001,12,20,33.0
16696,2001,12,21,28.3
16697,2001,12,22,29.6
16698,2001,12,23,30.5
16699,2001,12,24,29.4
16700,2001,12,25,30.6
16701,2001,12,26,32.5
16702,2001,12,27,34.4
16703,2001,12,28,34.7
16704,2001,12,29,34.9
16705,2001,12,30,30.6
16706,2001,12,31,31.0
17041,2002,12,1,25.0
17042,2002,12,2,26.4
17043,2002,12,3,23.5
17044,2002,12,4,26.1
17045,2002,12,5,29.0
17046,2002,12,6,28.5
17047,2002,12,7,27.7
17048,2002,12,8,19.0
17049,2002,12,9,25.5
17050,2002,12,10,29.2
17051,2002,12,11,32.0
17052,2002,12,12,33.0
17053,2002,12,13,30.2
17054,2002,12,14,30.3
17055,2002,12,15,32.7
17056,2002,12,16,31.4
17057,2002,12,17,27.3
17058,2002,12,18,34.2
17059,2002,12,19,31.1
17060,2002,12,20,29.4
17061,2002,12,21,29.7
17062,2002,12,22,26.9
17063,2002,12,23,22.7
17064,2002,12,24,30.5
17065,2002,12,25,33.0
17066,2002,12,26,36.8
17067,2002,12,27,36.0
17068,2002,12,28,26.2
17069,2002,12,29,24.6
17070,2002,12,30,23.4
17071,2002,12,31,23.0
17406,2003,12,1,31.0
17407,2003,12,2,27.4
17408,2003,12,3,26.3
17409,2003,12,4,24.0
17410,2003,12,5,25.5
17411,2003,12,6,31.8
17412,2003,12,7,26.5
17413,2003,12,8,25.6
17414,2003,12,9,28.0
17415,2003,12,10,34.0
17416,2003,12,11,28.5
17417,2003,12,12,23.6
17418,2003,12,13,28.5
17419,2003,12,14,25.5
17420,2003,12,15,23.0
17421,2003,12,16,24.5
17422,2003,12,17,29.0
17423,2003,12,18,31.0
17424,2003,12,19,34.5
17425,2003,12,20,33.8
17426,2003,12,21,39.2
17427,2003,12,22,26.9
17428,2003,12,23,27.5
17429,2003,12,24,23.3
17430,2003,12,25,33.6
17431,2003,12,26,33.8
17432,2003,12,27,25.0
17433,2003,12,28,24.0
17434,2003,12,29,27.2
17435,2003,12,30,32.6
17436,2003,12,31,27.5
17772,2004,12,1,33.7
17773,2004,12,2,35.7
17774,2004,12,3,32.0
17775,2004,12,4,29.8
17776,2004,12,5,29.0
17777,2004,12,6,27.0
17778,2004,12,7,29.5
17779,2004,12,8,26.9
17780,2004,12,9,28.9
17781,2004,12,10,30.1
17782,2004,12,11,30.5
17783,2004,12,12,32.2
17784,2004,12,13,33.2
17785,2004,12,14,31.9
17786,2004,12,15,29.2
17787,2004,12,16,27.8
17788,2004,12,17,30.0
17789,2004,12,18,34.0
17790,2004,12,19,29.2
17791,2004,12,20,27.2
17792,2004,12,21,25.0
17793,2004,12,22,29.5
17794,2004,12,23,31.5
17795,2004,12,24,27.3
17796,2004,12,25,29.9
17797,2004,12,26,29.7
17798,2004,12,27,32.5
17799,2004,12,28,30.4
17800,2004,12,29,29.2
17801,2004,12,30,32.6
17802,2004,12,31,33.2
18137,2005,12,1,19.5
18138,2005,12,2,20.0
18139,2005,12,3,33.9
18140,2005,12,4,29.5
18141,2005,12,5,24.0
18142,2005,12,6,25.4
18143,2005,12,7,30.8
18144,2005,12,8,32.2
18145,2005,12,9,26.5
18146,2005,12,10,26.0
18147,2005,12,11,30.0
18148,2005,12,12,32.5
18149,2005,12,13,31.0
18150,2005,12,14,32.8
18151,2005,12,15,36.3
18152,2005,12,16,29.4
18153,2005,12,17,31.7
18154,2005,12,18,29.5
18155,2005,12,19,25.7
18156,2005,12,20,31.5
18157,2005,12,21,33.7
18158,2005,12,22,35.2
18159,2005,12,23,31.3
18160,2005,12,24,26.7
18161,2005,12,25,29.2
18162,2005,12,26,31.3
18163,2005,12,27,33.2
18164,2005,12,28,32.9
18165,2005,12,29,33.6
18166,2005,12,30,28.2
18167,2005,12,31,31.2
18502,2006,12,1,34.7
18503,2006,12,2,29.6
18504,2006,12,3,27.9
18505,2006,12,4,30.8
18506,2006,12,5,27.2
18507,2006,12,6,29.7
18508,2006,12,7,29.5
18509,2006,12,8,29.7
18510,2006,12,9,31.0
18511,2006,12,10,33.5
18512,2006,12,11,32.0
18513,2006,12,12,26.0
18514,2006,12,13,30.0
18515,2006,12,14,29.0
18516,2006,12,15,30.0
18517,2006,12,16,35.0
18518,2006,12,17,31.8
18519,2006,12,18,22.2
18520,2006,12,19,28.2
18521,2006,12,20,26.0
18522,2006,12,21,29.6
18523,2006,12,22,32.6
18524,2006,12,23,35.0
18525,2006,12,24,30.0
18526,2006,12,25,28.1
18527,2006,12,26,30.6
18528,2006,12,27,33.7
18529,2006,12,28,32.1
18530,2006,12,29,37.2
18531,2006,12,30,33.2
18532,2006,12,31,34.5
18867,2007,12,1,32.2
18868,2007,12,2,31.0
18869,2007,12,3,34.4
18870,2007,12,4,28.6
18871,2007,12,5,28.2
18872,2007,12,6,34.2
18873,2007,12,7,30.5
18874,2007,12,8,30.0
18875,2007,12,9,33.5
18876,2007,12,10,30.0
18877,2007,12,11,31.2
18878,2007,12,12,34.7
18879,2007,12,13,37.4
18880,2007,12,14,31.2
18881,2007,12,15,28.5
18882,2007,12,16,29.2
18883,2007,12,17,28.3
18884,2007,12,18,35.1
18885,2007,12,19,36.3
18886,2007,12,20,36.6
18887,2007,12,21,38.4
18888,2007,12,22,32.6
18889,2007,12,23,26.6
18890,2007,12,24,29.5
18891,2007,12,25,31.8
18892,2007,12,26,27.0
18893,2007,12,27,30.6
18894,2007,12,28,29.8
18895,2007,12,29,34.2
18896,2007,12,30,36.6
18897,2007,12,31,37.2
19233,2008,12,1,25.6
19234,2008,12,2,26.9
19235,2008,12,3,26.2
19236,2008,12,4,30.4
19237,2008,12,5,32.2
19238,2008,12,6,28.8
19239,2008,12,7,35.2
19240,2008,12,8,36.9
19241,2008,12,9,30.3
19242,2008,12,10,24.5
19243,2008,12,11,29.0
19244,2008,12,12,25.3
19245,2008,12,13,30.6
19246,2008,12,14,31.8
19247,2008,12,15,34.7
19248,2008,12,16,37.0
19249,2008,12,17,31.7
19250,2008,12,18,30.2
19251,2008,12,19,32.6
19252,2008,12,20,37.0
19253,2008,12,21,32.3
19254,2008,12,22,26.0
19255,2008,12,23,26.8
19256,2008,12,24,32.8
19257,2008,12,25,34.5
19258,2008,12,26,33.3
19259,2008,12,27,33.7
19260,2008,12,28,30.6
19261,2008,12,29,30.2
19262,2008,12,30,33.0
19263,2008,12,31,28.7
19598,2009,12,1,33.3
19599,2009,12,2,30.5
19600,2009,12,3,25.0
19601,2009,12,4,25.2
19602,2009,12,5,30.6
19603,2009,12,6,26.0
19604,2009,12,7,26.0
19605,2009,12,8,26.0
19606,2009,12,9,30.5
19607,2009,12,10,30.7
19608,2009,12,11,27.2
19609,2009,12,12,29.5
19610,2009,12,13,32.0
19611,2009,12,14,30.5
19612,2009,12,15,26.2
19613,2009,12,16,22.8
19614,2009,12,17,31.5
19615,2009,12,18,33.7
19616,2009,12,19,37.0
19617,2009,12,20,29.1
19618,2009,12,21,32.5
19619,2009,12,22,31.9
19620,2009,12,23,33.4
19621,2009,12,24,24.6
19622,2009,12,25,30.2
19623,2009,12,26,34.9
19624,2009,12,27,31.5
19625,2009,12,28,32.7
19626,2009,12,29,31.1
19627,2009,12,30,24.1
19628,2009,12,31,29.0
19963,2010,12,1,33.9
19964,2010,12,2,31.0
19965,2010,12,3,29.2
19966,2010,12,4,30.9
19967,2010,12,5,29.5
19968,2010,12,6,34.8
19969,2010,12,7,31.5
19970,2010,12,8,30.0
19971,2010,12,9,37.1
19972,2010,12,10,39.6
19973,2010,12,11,32.5
19974,2010,12,12,24.0
19975,2010,12,13,30.2
19976,2010,12,14,35.6
19977,2010,12,15,34.9
19978,2010,12,16,35.5
19979,2010,12,17,38.4
19980,2010,12,18,31.7
19981,2010,12,19,23.1
19982,2010,12,20,32.0
19983,2010,12,21,34.9
19984,2010,12,22,36.0
19985,2010,12,23,37.2
19986,2010,12,24,33.5
19987,2010,12,25,36.6
19988,2010,12,26,36.5
19989,2010,12,27,36.9
19990,2010,12,28,34.5
19991,2010,12,29,33.9
19992,2010,12,30,32.1
19993,2010,12,31,30.3
20328,2011,12,1,27.5
20329,2011,12,2,30.1
20330,2011,12,3,31.7
20331,2011,12,4,25.4
20332,2011,12,5,30.2
20333,2011,12,6,28.9
20334,2011,12,7,29.6
20335,2011,12,8,30.5
20336,2011,12,9,33.6
20337,2011,12,10,35.5
20338,2011,12,11,34.0
20339,2011,12,12,23.8
20340,2011,12,13,30.5
20341,2011,12,14,28.8
20342,2011,12,15,30.1
20343,2011,12,16,30.4
20344,2011,12,17,32.5
20345,2011,12,18,39.0
20346,2011,12,19,38.6
20347,2011,12,20,39.9
20348,2011,12,21,43.5
20349,2011,12,22,35.7
20350,2011,12,23,27.5
20351,2011,12,24,24.8
20352,2011,12,25,30.0
20353,2011,12,26,34.1
20354,2011,12,27,35.0
20355,2011,12,28,33.8
20356,2011,12,29,29.3
20357,2011,12,30,34.2
20358,2011,12,31,35.5
20694,2012,12,1,26.5
20695,2012,12,2,33.8
20696,2012,12,3,32.9
20697,2012,12,4,26.5
20698,2012,12,5,31.7
20699,2012,12,6,37.9
20700,2012,12,7,26.5
20701,2012,12,8,30.6
20702,2012,12,9,34.0
20703,2012,12,10,36.7
20704,2012,12,11,32.4
20705,2012,12,12,37.6
20706,2012,12,13,31.5
20707,2012,12,14,36.9
20708,2012,12,15,32.4
20709,2012,12,16,35.5
20710,2012,12,17,27.5
20711,2012,12,18,25.0
20712,2012,12,19,29.5
20713,2012,12,20,25.9
20714,2012,12,21,26.9
20715,2012,12,22,29.5
20716,2012,12,23,34.0
20717,2012,12,24,38.2
20718,2012,12,25,34.1
20719,2012,12,26,27.0
20720,2012,12,27,26.2
20721,2012,12,28,32.0
20722,2012,12,29,33.4
20723,2012,12,30,37.5
20724,2012,12,31,32.1
21059,2013,12,1,34.8
21060,2013,12,2,38.5
21061,2013,12,3,28.7
21062,2013,12,4,38.0
21063,2013,12,5,34.0
21064,2013,12,6,28.6
21065,2013,12,7,35.2
21066,2013,12,8,37.4
21067,2013,12,9,26.2
21068,2013,12,10,29.0
21069,2013,12,11,31.5
21070,2013,12,12,30.3
21071,2013,12,13,34.2
21072,2013,12,14,35.2
21073,2013,12,15,34.5
21074,2013,12,16,36.9
21075,2013,12,17,37.2
21076,2013,12,18,34.5
21077,2013,12,19,34.5
21078,2013,12,20,34.6
21079,2013,12,21,36.0
21080,2013,12,22,38.0
21081,2013,12,23,38.5
21082,2013,12,24,40.3
21083,2013,12,25,41.6
21084,2013,12,26,35.1
21085,2013,12,27,34.7
21086,2013,12,28,38.0
21087,2013,12,29,35.6
21088,2013,12,30,37.3
21089,2013,12,31,29.8
21424,2014,12,1,24.8
21425,2014,12,2,29.0
21426,2014,12,3,34.2
21427,2014,12,4,34.0
21428,2014,12,5,34.5
21429,2014,12,6,38.6
21430,2014,12,7,33.6
21431,2014,12,8,32.6
21432,2014,12,9,38.3
21433,2014,12,10,32.9
21434,2014,12,11,25.6
21435,2014,12,12,29.5
21436,2014,12,13,30.5
21437,2014,12,14,26.2
21438,2014,12,15,23.0
21439,2014,12,16,23.0
21440,2014,12,17,29.5
21441,2014,12,18,32.5
21442,2014,12,19,35.4
21443,2014,12,20,30.7
21444,2014,12,21,22.8
21445,2014,12,22,25.2
21446,2014,12,23,29.1
21447,2014,12,24,31.2
21448,2014,12,25,36.0
21449,2014,12,26,34.1
21450,2014,12,27,29.3
21451,2014,12,28,32.2
21452,2014,12,29,34.5
21453,2014,12,30,31.8
21454,2014,12,31,27.0
21789,2015,12,1,32.0
21790,2015,12,2,27.0
21791,2015,12,3,30.2
21792,2015,12,4,31.2
21793,2015,12,5,26.2
21794,2015,12,6,28.7
21795,2015,12,7,32.5
21796,2015,12,8,31.8
21797,2015,12,9,29.5
21798,2015,12,10,34.0
21799,2015,12,11,36.0
21800,2015,12,12,30.0
21801,2015,12,13,32.5
21802,2015,12,14,30.5
21803,2015,12,15,28.0
21804,2015,12,16,31.3
21805,2015,12,17,28.6
21806,2015,12,18,24.8
21807,2015,12,19,25.6
21808,2015,12,20,30.0
21809,2015,12,21,34.0
21810,2015,12,22,33.0
21811,2015,12,23,30.5
21812,2015,12,24,31.6
21813,2015,12,25,35.0
21814,2015,12,26,36.7
21815,2015,12,27,39.1
21816,2015,12,28,34.8
21817,2015,12,29,38.5
21818,2015,12,30,35.2
21819,2015,12,31,32.6
22155,2016,12,1,34.2
22156,2016,12,2,25.5
22157,2016,12,3,33.5
22158,2016,12,4,35.2
22159,2016,12,5,29.8
22160,2016,12,6,29.5
22161,2016,12,7,29.0
22162,2016,12,8,25.2
22163,2016,12,9,23.5
22164,2016,12,10,32.5
22165,2016,12,11,33.2
22166,2016,12,12,38.4
22167,2016,12,13,32.5
22168,2016,12,14,31.0
22169,2016,12,15,31.8
22170,2016,12,16,34.2
22171,2016,12,17,38.3
22172,2016,12,18,30.7
22173,2016,12,19,34.5
22174,2016,12,20,35.8
22175,2016,12,21,39.0
22176,2016,12,22,31.1
22177,2016,12,23,29.6
22178,2016,12,24,24.2
22179,2016,12,25,36.0
22180,2016,12,26,27.0
22181,2016,12,27,26.1
22182,2016,12,28,31.5
22183,2016,12,29,31.7
22184,2016,12,30,34.5
22185,2016,12,31,39.1
22520,2017,12,1,31.5
22521,2017,12,2,27.8
22522,2017,12,3,26.8
22523,2017,12,4,25.8
22524,2017,12,5,28.0
22525,2017,12,6,31.0
22526,2017,12,7,35.5
22527,2017,12,8,30.0
22528,2017,12,9,34.0
22529,2017,12,10,35.3
22530,2017,12,11,31.6
22531,2017,12,12,34.6
22532,2017,12,13,33.4
22533,2017,12,14,35.0
22534,2017,12,15,35.5
22535,2017,12,16,42.5
22536,2017,12,17,37.8
22537,2017,12,18,28.2
22538,2017,12,19,24.8
22539,2017,12,20,36.7
22540,2017,12,21,30.7
22541,2017,12,22,35.5
22542,2017,12,23,26.5
22543,2017,12,24,29.6
22544,2017,12,25,35.1
22545,2017,12,26,36.5
22546,2017,12,27,30.8
22547,2017,12,28,36.0
22548,2017,12,29,37.6
22549,2017,12,30,39.2
22550,2017,12,31,32.2
22885,2018,12,1,23.8
22886,2018,12,2,21.6
22887,2018,12,3,29.4
22888,2018,12,4,33.4
22889,2018,12,5,28.0
22890,2018,12,6,24.6
22891,2018,12,7,28.4
22892,2018,12,8,30.7
22893,2018,12,9,33.5
22894,2018,12,10,36.5
22895,2018,12,11,38.0
22896,2018,12,12,28.2
22897,2018,12,13,36.6
22898,2018,12,14,32.6
22899,2018,12,15,29.2
22900,2018,12,16,31.2
22901,2018,12,17,30.0
22902,2018,12,18,22.0
22903,2018,12,19,29.2
22904,2018,12,20,28.8
22905,2018,12,21,28.7
22906,2018,12,22,32.0
22907,2018,12,23,33.5
22908,2018,12,24,33.4
22909,2018,12,25,35.2
22910,2018,12,26,37.5
22911,2018,12,27,32.0
22912,2018,12,28,35.2
22913,2018,12,29,38.6
22914,2018,12,30,33.4
22915,2018,12,31,30.5
23250,2019,12,1,31.5
23251,2019,12,2,27.6
23252,2019,12,3,31.0
23253,2019,12,4,25.4
23254,2019,12,5,29.1
23255,2019,12,6,34.0
23256,2019,12,7,33.0
23257,2019,12,8,32.3
23258,2019,12,9,35.0
23259,2019,12,10,37.5
23260,2019,12,11,40.1
23261,2019,12,12,31.6
23262,2019,12,13,30.6
23263,2019,12,14,33.6
23264,2019,12,15,30.0
23265,2019,12,16,30.2
23266,2019,12,17,34.8
23267,2019,12,18,34.6
23268,2019,12,19,37.0
23269,2019,12,20,30.2
23270,2019,12,21,28.2
23271,2019,12,22,30.2
23272,2019,12,23,36.0
23273,2019,12,24,39.9
23274,2019,12,25,32.6
23275,2019,12,26,29.2
23276,2019,12,27,37.4
23277,2019,12,28,36.5
23278,2019,12,29,31.5
23279,2019,12,30,31.6
23280,2019,12,31,33.5
